minutes,object_id,timestamp,date,last,last_ts,max,sum,mean,count
15,6602,2019-01-01 20:00:00,2019-01,0.0,1546373681000,0.0,0.0,0.0,12
15,6602,2019-01-01 19:45:00,2019-01,0.0,1546372746000,0.98,1.96,0.17818,11
15,6602,2019-01-01 19:30:00,2019-01,0.0,1546371881000,0.98,0.98,0.08167,12
15,6602,2019-01-01 19:15:00,2019-01,0.0,1546370947000,0.98,0.98,0.08909,11
15,6602,2019-01-01 19:00:00,2019-01,0.0,1546370095000,0.0,0.0,0.0,12
15,6602,2019-01-01 18:45:00,2019-01,0.0,1546369104000,1.95,1.95,0.1625,12
15,6602,2019-01-01 18:30:00,2019-01,0.0,1546368258000,0.98,0.98,0.07537999999999999,13
15,6602,2019-01-01 18:15:00,2019-01,0.0,1546367336000,0.98,0.98,0.08167,12
15,6602,2019-01-01 18:00:00,2019-01,0.0,1546366493000,1.95,1.95,0.15,13
15,6602,2019-01-01 17:45:00,2019-01,0.0,1546365571000,0.98,0.98,0.07537999999999999,13
15,6602,2019-01-01 17:30:00,2019-01,0.0,1546364660000,0.0,0.0,0.0,13
15,6602,2019-01-01 17:15:00,2019-01,0.0,1546363738000,0.98,0.98,0.08167,12
15,6602,2019-01-01 17:00:00,2019-01,0.0,1546362896000,0.98,0.98,0.07537999999999999,13
15,6602,2019-01-01 16:45:00,2019-01,0.0,1546361974000,0.0,0.0,0.0,13
15,6602,2019-01-01 16:30:00,2019-01,0.0,1546361063000,0.98,0.98,0.07537999999999999,13
15,6602,2019-01-01 16:15:00,2019-01,0.0,1546360141000,0.98,0.98,0.08167,12
15,6602,2019-01-01 16:00:00,2019-01,0.0,1546359298000,0.98,0.98,0.07537999999999999,13
15,6602,2019-01-01 15:45:00,2019-01,0.0,1546358376000,1.95,1.95,0.15,13
15,6602,2019-01-01 15:30:00,2019-01,0.0,1546357455000,0.98,0.98,0.07537999999999999,13
15,6602,2019-01-01 15:15:00,2019-01,0.0,1546356542000,0.98,0.98,0.08167,12
15,6602,2019-01-01 15:00:00,2019-01,0.0,1546355689000,0.0,0.0,0.0,13
15,6602,2019-01-01 14:45:00,2019-01,1.95,1546354775000,1.95,3.9,0.3,13
15,6602,2019-01-01 14:30:00,2019-01,0.0,1546353854000,0.0,0.0,0.0,13
15,6602,2019-01-01 14:15:00,2019-01,0.0,1546352943000,2.93,8.81,0.73417,12
15,6602,2019-01-01 14:00:00,2019-01,0.98,1546352090000,0.98,12.739998,0.98,13
15,6602,2019-01-01 13:45:00,2019-01,0.98,1546351178000,1.95,13.709999,1.0546200000000001,13
15,6602,2019-01-01 13:30:00,2019-01,0.98,1546350257000,0.98,12.739998,0.98,13
15,6602,2019-01-01 13:15:00,2019-01,1.95,1546349336000,1.95,13.699998,1.14167,12
15,6602,2019-01-01 13:00:00,2019-01,0.98,1546348493000,1.95,13.709999,1.0546200000000001,13
15,6602,2019-01-01 12:45:00,2019-01,2.93,1546347571000,2.93,19.55,1.50385,13
15,6602,2019-01-01 12:30:00,2019-01,0.98,1546346659000,2.93,16.629997,1.2792299999999999,13
15,6602,2019-01-01 12:15:00,2019-01,1.95,1546345738000,2.93,24.380003,2.03167,12
15,6602,2019-01-01 12:00:00,2019-01,1.95,1546344895000,1.95,25.350002,1.95,13
15,6602,2019-01-01 11:45:00,2019-01,1.95,1546343974000,1.95,25.350002,1.95,13
15,6602,2019-01-01 11:30:00,2019-01,0.98,1546343062000,1.95,19.529997,1.50231,13
15,6602,2019-01-01 11:15:00,2019-01,1.95,1546342141000,2.93,21.470001,1.7891700000000001,12
15,6602,2019-01-01 11:00:00,2019-01,1.95,1546341298000,2.93,24.390001,1.87615,13
15,6602,2019-01-01 10:45:00,2019-01,1.95,1546340376000,1.95,24.380003,1.8753799999999998,13
15,6602,2019-01-01 10:30:00,2019-01,0.98,1546339454000,1.95,15.649998000000002,1.20385,13
15,6602,2019-01-01 10:15:00,2019-01,0.98,1546338542000,1.95,11.74,0.9783299999999999,12
15,6602,2019-01-01 10:00:00,2019-01,1.95,1546337689000,1.95,15.649998000000002,1.20385,13
15,6602,2019-01-01 09:45:00,2019-01,0.98,1546336778000,1.95,12.73,0.9792299999999999,13
15,6602,2019-01-01 09:30:00,2019-01,0.0,1546335856000,0.98,5.88,0.45231000000000005,13
15,6602,2019-01-01 09:15:00,2019-01,0.98,1546334945000,0.98,11.759998,0.98,12
15,6602,2019-01-01 09:00:00,2019-01,0.98,1546334091000,1.95,14.68,1.12923,13
60,6602,2019-01-01 20:00:00,2019-01,0.0,1546376322000,1.95,3.91,0.085,46
60,6602,2019-01-01 19:00:00,2019-01,0.0,1546372746000,0.98,3.92,0.08522,46
60,6602,2019-01-01 18:00:00,2019-01,0.0,1546369104000,1.95,5.86,0.1172,50
60,6602,2019-01-01 17:00:00,2019-01,0.0,1546365571000,0.98,2.94,0.05765,51
60,6602,2019-01-01 16:00:00,2019-01,0.0,1546361974000,0.98,2.94,0.05765,51
60,6602,2019-01-01 15:00:00,2019-01,0.0,1546358376000,1.95,3.91,0.07667,51
60,6602,2019-01-01 14:00:00,2019-01,1.95,1546354775000,2.93,25.449997,0.49901999999999996,51
60,6602,2019-01-01 13:00:00,2019-01,0.98,1546351178000,1.95,53.859984999999995,1.05608,51
60,6602,2019-01-01 12:00:00,2019-01,2.93,1546347571000,2.93,85.910034,1.68451,51
60,6602,2019-01-01 11:00:00,2019-01,1.95,1546343974000,2.93,90.739975,1.77922,51
60,6602,2019-01-01 10:00:00,2019-01,1.95,1546340376000,1.95,67.42,1.32196,51
60,6602,2019-01-01 09:00:00,2019-01,0.98,1546336778000,1.95,45.049988,0.88333,51
15,6602,2019-02-01 20:00:00,2019-02,0.0,1549052096000,0.98,1.96,0.15077000000000002,13
15,6602,2019-02-01 19:45:00,2019-02,0.0,1549051175000,0.98,1.96,0.15077000000000002,13
15,6602,2019-02-01 19:30:00,2019-02,0.0,1549050264000,1.95,1.95,0.15,13
15,6602,2019-02-01 19:15:00,2019-02,0.0,1549049343000,1.95,2.93,0.22538000000000002,13
15,6602,2019-02-01 19:00:00,2019-02,0.0,1549048431000,0.98,1.96,0.16333,12
15,6602,2019-02-01 18:45:00,2019-02,0.0,1549047579000,0.98,0.98,0.07537999999999999,13
15,6602,2019-02-01 18:30:00,2019-02,0.0,1549046668000,0.98,0.98,0.07537999999999999,13
15,6602,2019-02-01 18:15:00,2019-02,0.0,1549045746000,0.0,0.0,0.0,13
15,6602,2019-02-01 18:00:00,2019-02,0.0,1549044825000,0.98,0.98,0.08167,12
15,6602,2019-02-01 17:45:00,2019-02,0.0,1549043982000,0.98,1.96,0.15077000000000002,13
15,6602,2019-02-01 17:30:00,2019-02,0.0,1549043060000,43.95,228.52,17.57846,13
15,6602,2019-02-01 17:15:00,2019-02,43.95,1549042149000,44.92,528.37006,44.030840000000005,12
15,6602,2019-02-01 17:00:00,2019-02,44.92,1549041296000,44.92,573.2900400000001,44.09924,13
15,6602,2019-02-01 16:45:00,2019-02,43.95,1549040385000,43.95,568.41003,43.72385,13
15,6602,2019-02-01 16:30:00,2019-02,43.95,1549039464000,43.95,571.3501,43.95001,13
15,6602,2019-02-01 16:15:00,2019-02,46.88,1549038552000,46.88,545.8999,45.491659999999996,12
15,6602,2019-02-01 16:00:00,2019-02,46.88,1549037699000,46.88,128.94,9.918460000000001,13
15,6602,2019-02-01 15:45:00,2019-02,1.95,1549036788000,1.95,14.679998999999999,1.12923,13
15,6602,2019-02-01 15:30:00,2019-02,0.98,1549035866000,1.95,13.709999,1.0546200000000001,13
15,6602,2019-02-01 15:15:00,2019-02,0.98,1549034945000,0.98,11.759998,0.98,12
15,6602,2019-02-01 15:00:00,2019-02,0.98,1549034099000,0.98,12.739998,0.98,13
15,6602,2019-02-01 14:45:00,2019-02,0.98,1549033177000,2.93,14.67,1.12846,13
15,6602,2019-02-01 14:30:00,2019-02,0.0,1549032266000,1.95,2.93,0.22538000000000002,13
15,6602,2019-02-01 14:15:00,2019-02,0.0,1549031344000,0.98,1.96,0.16333,12
15,6602,2019-02-01 14:00:00,2019-02,0.0,1549030498000,0.98,5.88,0.45231000000000005,13
15,6602,2019-02-01 13:45:00,2019-02,0.98,1549029573000,0.98,12.739998,0.98,13
15,6602,2019-02-01 13:30:00,2019-02,0.98,1549028661000,2.93,20.499998,1.70833,12
15,6602,2019-02-01 13:15:00,2019-02,1.95,1549027795000,1.95,21.45,1.95,11
15,6602,2019-02-01 13:00:00,2019-02,1.95,1549026851000,2.93,24.380003,2.03167,12
15,6602,2019-02-01 12:45:00,2019-02,1.95,1549025919000,1.95,21.45,1.95,11
15,6602,2019-02-01 12:30:00,2019-02,1.95,1549025070000,2.93,25.360003,2.11333,12
15,6602,2019-02-01 12:15:00,2019-02,1.95,1549024137000,1.95,21.45,1.95,11
15,6602,2019-02-01 12:00:00,2019-02,1.95,1549023274000,2.93,23.420002,1.95167,12
15,6602,2019-02-01 11:45:00,2019-02,0.98,1549022335000,2.93,13.709999,1.1425,12
15,6602,2019-02-01 11:30:00,2019-02,0.98,1549021482000,1.95,13.709999,1.0546200000000001,13
15,6602,2019-02-01 11:15:00,2019-02,0.98,1549020560000,2.93,14.689998999999998,1.13,13
15,6602,2019-02-01 11:00:00,2019-02,0.98,1549019648000,1.95,12.73,1.06083,12
15,6602,2019-02-01 10:45:00,2019-02,0.98,1549018797000,2.93,21.489998,1.6530799999999999,13
15,6602,2019-02-01 10:30:00,2019-02,0.98,1549017886000,10.74,119.19001000000002,9.168460000000001,13
15,6602,2019-02-01 10:15:00,2019-02,9.77,1549016964000,10.74,127.00001499999999,9.76923,13
15,6602,2019-02-01 10:00:00,2019-02,9.77,1549016043000,10.74,127.98003,9.844619999999999,13
15,6602,2019-02-01 09:45:00,2019-02,9.77,1549015131000,45.9,324.26993,27.02249,12
15,6602,2019-02-01 09:30:00,2019-02,43.95,1549014279000,45.9,576.2101,44.32385,13
15,6602,2019-02-01 09:15:00,2019-02,44.92,1549013367000,45.9,396.47997999999995,30.498459999999998,13
15,6602,2019-02-01 09:00:00,2019-02,9.77,1549012444000,9.77,113.29001000000001,8.71462,13
60,6602,2019-02-01 20:00:00,2019-02,0.0,1549054781000,1.95,5.8700004,0.1151,51
60,6602,2019-02-01 19:00:00,2019-02,0.0,1549051175000,1.95,8.8,0.17255,51
60,6602,2019-02-01 18:00:00,2019-02,0.0,1549047579000,0.98,2.94,0.05765,51
60,6602,2019-02-01 17:00:00,2019-02,0.0,1549043982000,44.92,1332.1399,26.12039,51
60,6602,2019-02-01 16:00:00,2019-02,43.95,1549040385000,46.88,1814.5991,35.58038,51
60,6602,2019-02-01 15:00:00,2019-02,1.95,1549036788000,1.95,52.889984,1.03706,51
60,6602,2019-02-01 14:00:00,2019-02,0.98,1549033177000,2.93,25.439997,0.49882,51
60,6602,2019-02-01 13:00:00,2019-02,0.98,1549029573000,2.93,79.07007,1.6472900000000001,48
60,6602,2019-02-01 12:00:00,2019-02,1.95,1549025919000,2.93,91.67997,1.9930400000000001,46
60,6602,2019-02-01 11:00:00,2019-02,0.98,1549022335000,2.93,54.839985,1.0968,50
60,6602,2019-02-01 10:00:00,2019-02,0.98,1549018797000,10.74,395.66006,7.60885,52
60,6602,2019-02-01 09:00:00,2019-02,9.77,1549015131000,45.9,1410.2499,27.65196,51
15,6602,2019-03-01 20:00:00,2019-03,0.0,1551471289000,0.98,0.98,0.07537999999999999,13
15,6602,2019-03-01 19:45:00,2019-03,0.0,1551470377000,1.95,1.95,0.15,13
15,6602,2019-03-01 19:30:00,2019-03,0.0,1551469456000,0.98,0.98,0.07537999999999999,13
15,6602,2019-03-01 19:15:00,2019-03,0.0,1551468534000,0.0,0.0,0.0,12
15,6602,2019-03-01 19:00:00,2019-03,0.0,1551467693000,0.98,0.98,0.07537999999999999,13
15,6602,2019-03-01 18:45:00,2019-03,0.0,1551466771000,0.0,0.0,0.0,13
15,6602,2019-03-01 18:30:00,2019-03,0.0,1551465860000,0.0,0.0,0.0,13
15,6602,2019-03-01 18:15:00,2019-03,0.0,1551464938000,0.0,0.0,0.0,12
15,6602,2019-03-01 18:00:00,2019-03,0.0,1551464095000,0.0,0.0,0.0,13
15,6602,2019-03-01 17:45:00,2019-03,0.0,1551463174000,0.98,0.98,0.07537999999999999,13
15,6602,2019-03-01 17:30:00,2019-03,0.0,1551462263000,44.92,311.51,23.962310000000002,13
15,6602,2019-03-01 17:15:00,2019-03,44.92,1551461341000,46.88,541.9799,45.16499,12
15,6602,2019-03-01 17:00:00,2019-03,44.92,1551460498000,46.88,597.67993,45.97538,13
15,6602,2019-03-01 16:45:00,2019-03,45.9,1551459577000,46.88,603.56,46.427690000000005,13
15,6602,2019-03-01 16:30:00,2019-03,46.88,1551458657000,46.88,608.46,46.80462,13
15,6602,2019-03-01 16:15:00,2019-03,46.88,1551457745000,48.83,574.24005,47.85334,12
15,6602,2019-03-01 16:00:00,2019-03,47.85,1551456892000,48.83,291.04,22.38769,13
15,6602,2019-03-01 15:45:00,2019-03,0.98,1551455981000,2.93,18.569998000000002,1.42846,13
15,6602,2019-03-01 15:30:00,2019-03,0.98,1551455059000,2.93,18.569998000000002,1.42846,13
15,6602,2019-03-01 15:15:00,2019-03,0.98,1551454150000,2.93,13.709999,1.1425,12
15,6602,2019-03-01 15:00:00,2019-03,0.98,1551453297000,1.95,14.679998000000001,1.12923,13
15,6602,2019-03-01 14:45:00,2019-03,1.95,1551452385000,2.93,22.450003,1.72692,13
15,6602,2019-03-01 14:30:00,2019-03,0.98,1551451463000,2.93,24.390003,1.87615,13
15,6602,2019-03-01 14:15:00,2019-03,1.95,1551450542000,2.93,24.380001,2.03167,12
15,6602,2019-03-01 14:00:00,2019-03,0.98,1551449699000,3.91,26.340002000000002,2.02615,13
15,6602,2019-03-01 13:45:00,2019-03,1.95,1551448777000,4.88,37.100002,2.85385,13
15,6602,2019-03-01 13:30:00,2019-03,2.93,1551447865000,3.91,41.030003,3.15615,13
15,6602,2019-03-01 13:15:00,2019-03,2.93,1551446944000,2.93,27.32,2.27667,12
15,6602,2019-03-01 13:00:00,2019-03,1.95,1551446098000,41.99,410.1601,31.55078,13
15,6602,2019-03-01 12:45:00,2019-03,40.04,1551445176000,40.04,137.72,10.59385,13
15,6602,2019-03-01 12:30:00,2019-03,2.93,1551444265000,2.93,34.170002000000004,2.62846,13
15,6602,2019-03-01 12:15:00,2019-03,2.93,1551443343000,3.91,37.11,2.85462,13
15,6602,2019-03-01 12:00:00,2019-03,1.95,1551442422000,3.91,30.260006,2.52167,12
15,6602,2019-03-01 11:45:00,2019-03,2.93,1551441579000,2.93,35.15,2.70385,13
15,6602,2019-03-01 11:30:00,2019-03,1.95,1551440657000,2.93,28.290004999999997,2.17615,13
15,6602,2019-03-01 11:15:00,2019-03,3.91,1551439746000,3.91,36.14,3.01167,12
15,6602,2019-03-01 11:00:00,2019-03,2.93,1551438893000,2.93,37.11,2.85462,13
15,6602,2019-03-01 10:45:00,2019-03,3.91,1551437935000,3.91,38.100002,3.175,12
15,6602,2019-03-01 10:30:00,2019-03,3.91,1551437026000,3.91,37.120003000000004,3.09333,12
15,6602,2019-03-01 10:15:00,2019-03,2.93,1551436185000,3.91,39.070004,3.0053799999999997,13
15,6602,2019-03-01 10:00:00,2019-03,2.93,1551435265000,2.93,38.09,2.93,13
15,6602,2019-03-01 09:45:00,2019-03,2.93,1551434354000,2.93,38.09,2.93,13
15,6602,2019-03-01 09:30:00,2019-03,2.93,1551433434000,3.91,37.120003000000004,3.09333,12
15,6602,2019-03-01 09:15:00,2019-03,2.93,1551432594000,4.88,45.920002000000004,3.53231,13
15,6602,2019-03-01 09:00:00,2019-03,2.93,1551431672000,3.91,39.07,3.0053799999999997,13
60,6602,2019-03-01 20:00:00,2019-03,0.0,1551473974000,1.95,4.8900003,0.09587999999999999,51
60,6602,2019-03-01 19:00:00,2019-03,0.0,1551470377000,1.95,3.91,0.07667,51
60,6602,2019-03-01 18:00:00,2019-03,0.0,1551466771000,0.0,0.0,0.0,51
60,6602,2019-03-01 17:00:00,2019-03,0.0,1551463174000,46.88,1452.15,28.47353,51
60,6602,2019-03-01 16:00:00,2019-03,45.9,1551459577000,48.83,2077.3003,40.73138,51
60,6602,2019-03-01 15:00:00,2019-03,0.98,1551455981000,2.93,65.53,1.2849,51
60,6602,2019-03-01 14:00:00,2019-03,1.95,1551452385000,3.91,97.55999,1.91294,51
60,6602,2019-03-01 13:00:00,2019-03,1.95,1551448777000,41.99,515.6101,10.11,51
60,6602,2019-03-01 12:00:00,2019-03,40.04,1551445176000,40.04,239.26001000000002,4.69137,51
60,6602,2019-03-01 11:00:00,2019-03,2.93,1551441579000,3.91,136.68996,2.6802,51
60,6602,2019-03-01 10:00:00,2019-03,3.91,1551437935000,3.91,152.37999,3.0476,50
60,6602,2019-03-01 09:00:00,2019-03,2.93,1551434354000,4.88,160.19995,3.14118,51
15,6602,2019-04-01 20:00:00,2019-04,0.0,1554149680000,1.95,2.93,0.22538000000000002,13
15,6602,2019-04-01 19:45:00,2019-04,0.0,1554148769000,0.98,0.98,0.07537999999999999,13
15,6602,2019-04-01 19:30:00,2019-04,0.0,1554147847000,0.0,0.0,0.0,13
15,6602,2019-04-01 19:15:00,2019-04,0.0,1554146926000,1.95,2.93,0.24416999999999997,12
15,6602,2019-04-01 19:00:00,2019-04,0.0,1554146085000,0.0,0.0,0.0,13
15,6602,2019-04-01 18:45:00,2019-04,0.0,1554145164000,0.98,0.98,0.07537999999999999,13
15,6602,2019-04-01 18:30:00,2019-04,0.0,1554144253000,1.95,2.93,0.22538000000000002,13
15,6602,2019-04-01 18:15:00,2019-04,0.0,1554143332000,1.95,1.95,0.1625,12
15,6602,2019-04-01 18:00:00,2019-04,0.0,1554142487000,0.0,0.0,0.0,13
15,6602,2019-04-01 17:45:00,2019-04,0.0,1554141566000,1.95,2.93,0.22538000000000002,13
15,6602,2019-04-01 17:30:00,2019-04,0.0,1554140654000,0.98,9.799999,0.75385,13
15,6602,2019-04-01 17:15:00,2019-04,1.95,1554139736000,1.95,13.7,1.14167,12
15,6602,2019-04-01 17:00:00,2019-04,0.98,1554138896000,2.93,22.449999,1.72692,13
15,6602,2019-04-01 16:45:00,2019-04,1.95,1554137975000,2.93,30.250003999999997,2.32692,13
15,6602,2019-04-01 16:30:00,2019-04,2.93,1554137055000,4.88,41.020004,3.15539,13
15,6602,2019-04-01 16:15:00,2019-04,2.93,1554136145000,2.93,35.16,2.93,12
15,6602,2019-04-01 16:00:00,2019-04,2.93,1554135294000,11.72,83.03001,6.38692,13
15,6602,2019-04-01 15:45:00,2019-04,9.77,1554134383000,11.72,137.7,10.592310000000001,13
15,6602,2019-04-01 15:30:00,2019-04,12.7,1554133462000,13.67,165.07997,12.69846,13
15,6602,2019-04-01 15:15:00,2019-04,12.7,1554132550000,14.65,163.09999,13.59167,12
15,6602,2019-04-01 15:00:00,2019-04,13.67,1554131698000,13.67,171.88998,13.22231,13
15,6602,2019-04-01 14:45:00,2019-04,12.7,1554130789000,13.67,163.12999,12.54846,13
15,6602,2019-04-01 14:30:00,2019-04,11.72,1554129870000,14.65,159.19,13.26583,12
15,6602,2019-04-01 14:15:00,2019-04,12.7,1554128950000,14.65,148.44998,13.49545,11
15,6602,2019-04-01 14:00:00,2019-04,13.67,1554128098000,14.65,167.96999,13.9975,12
15,6602,2019-04-01 13:45:00,2019-04,11.72,1554127050000,15.63,148.46,13.496360000000001,11
15,6602,2019-04-01 13:30:00,2019-04,12.7,1554126278000,14.65,169.94998,13.073080000000001,13
15,6602,2019-04-01 13:15:00,2019-04,13.67,1554125358000,16.6,193.35998999999998,14.87385,13
15,6602,2019-04-01 13:00:00,2019-04,16.6,1554124446000,18.55,186.53001,15.544170000000001,12
15,6602,2019-04-01 12:45:00,2019-04,13.67,1554123595000,16.6,188.49998,14.5,13
15,6602,2019-04-01 12:30:00,2019-04,16.6,1554122685000,16.6,212.89002999999997,16.376160000000002,13
15,6602,2019-04-01 12:15:00,2019-04,14.65,1554121765000,17.58,205.08998,15.77615,13
15,6602,2019-04-01 12:00:00,2019-04,16.6,1554120848000,17.58,207.06001,15.92769,13
15,6602,2019-04-01 11:45:00,2019-04,15.63,1554119937000,17.58,191.44002,15.95333,12
15,6602,2019-04-01 11:30:00,2019-04,16.6,1554119084000,16.6,199.24002,15.32616,13
15,6602,2019-04-01 11:15:00,2019-04,15.63,1554118176000,17.58,210.96002000000001,16.22769,13
15,6602,2019-04-01 11:00:00,2019-04,16.6,1554117255000,17.58,216.80002000000002,16.676920000000003,13
15,6602,2019-04-01 10:45:00,2019-04,15.63,1554116343000,15.63,184.62001,15.385,12
15,6602,2019-04-01 10:30:00,2019-04,14.65,1554115493000,16.6,197.29997,15.17692,13
15,6602,2019-04-01 10:15:00,2019-04,14.65,1554114583000,16.6,199.25996,15.327689999999999,13
15,6602,2019-04-01 10:00:00,2019-04,16.6,1554113663000,17.58,205.12003,15.77846,13
15,6602,2019-04-01 09:45:00,2019-04,15.63,1554112743000,16.6,201.22,15.47846,13
15,6602,2019-04-01 09:30:00,2019-04,15.63,1554111833000,16.6,182.64001000000002,15.22,12
15,6602,2019-04-01 09:15:00,2019-04,15.63,1554110981000,16.6,195.34,15.02615,13
15,6602,2019-04-01 09:00:00,2019-04,14.65,1554110072000,15.63,188.48998999999998,14.499229999999999,13
60,6602,2019-04-01 20:00:00,2019-04,0.0,1554152366000,1.95,3.91,0.07667,51
60,6602,2019-04-01 19:00:00,2019-04,0.0,1554148769000,1.95,3.91,0.07667,51
60,6602,2019-04-01 18:00:00,2019-04,0.0,1554145164000,1.95,5.86,0.1149,51
60,6602,2019-04-01 17:00:00,2019-04,0.0,1554141566000,2.93,48.879993,0.9584299999999999,51
60,6602,2019-04-01 16:00:00,2019-04,1.95,1554137975000,11.72,189.4599,3.7149,51
60,6602,2019-04-01 15:00:00,2019-04,9.77,1554134383000,14.65,637.7701400000001,12.5053,51
60,6602,2019-04-01 14:00:00,2019-04,12.7,1554130789000,14.65,638.7401,13.307089999999999,48
60,6602,2019-04-01 13:00:00,2019-04,11.72,1554127050000,18.55,698.3002299999999,14.251029999999998,49
60,6602,2019-04-01 12:00:00,2019-04,13.67,1554123595000,17.58,813.53986,15.645,52
60,6602,2019-04-01 11:00:00,2019-04,15.63,1554119937000,17.58,818.4401,16.04785,51
60,6602,2019-04-01 10:00:00,2019-04,15.63,1554116343000,17.58,786.3003,15.41765,51
60,6602,2019-04-01 09:00:00,2019-04,15.63,1554112743000,16.6,767.69006,15.05275,51
15,6602,2019-05-01 20:00:00,2019-05,0.0,1556741637000,2.93,32.23,2.6858299999999997,12
15,6602,2019-05-01 19:45:00,2019-05,2.93,1556740794000,2.93,38.09,2.93,13
15,6602,2019-05-01 19:30:00,2019-05,2.93,1556739874000,2.93,38.09,2.93,13
15,6602,2019-05-01 19:15:00,2019-05,2.93,1556738952000,3.91,39.07,3.0053799999999997,13
15,6602,2019-05-01 19:00:00,2019-05,4.88,1556738041000,4.88,38.09,3.17417,12
15,6602,2019-05-01 18:45:00,2019-05,2.93,1556737188000,3.91,40.050003000000004,3.0807700000000002,13
15,6602,2019-05-01 18:30:00,2019-05,2.93,1556736278000,3.91,39.07,3.0053799999999997,13
15,6602,2019-05-01 18:15:00,2019-05,2.93,1556735357000,4.88,44.940002,3.4569199999999998,13
15,6602,2019-05-01 18:00:00,2019-05,3.91,1556734446000,3.91,46.920002000000004,3.91,12
15,6602,2019-05-01 17:45:00,2019-05,3.91,1556733593000,3.91,50.83,3.91,13
15,6602,2019-05-01 17:30:00,2019-05,3.91,1556732682000,4.88,52.77,4.05923,13
15,6602,2019-05-01 17:15:00,2019-05,4.88,1556731761000,6.84,62.500007999999994,4.80769,13
15,6602,2019-05-01 17:00:00,2019-05,4.88,1556730840000,6.84,71.3,5.941669999999999,12
15,6602,2019-05-01 16:45:00,2019-05,6.84,1556729995000,7.81,92.79999000000001,7.13846,13
15,6602,2019-05-01 16:30:00,2019-05,6.84,1556729075000,8.79,103.5,7.961539999999999,13
15,6602,2019-05-01 16:15:00,2019-05,8.79,1556728164000,10.74,121.12001000000001,9.31692,13
15,6602,2019-05-01 16:00:00,2019-05,9.77,1556727244000,10.74,116.22001999999999,8.94,13
15,6602,2019-05-01 15:45:00,2019-05,8.79,1556726333000,9.77,103.520004,8.626669999999999,12
15,6602,2019-05-01 15:30:00,2019-05,8.79,1556725480000,10.74,118.18001000000001,9.09077,13
15,6602,2019-05-01 15:15:00,2019-05,9.77,1556724569000,11.72,130.90001,10.069230000000001,13
15,6602,2019-05-01 15:00:00,2019-05,9.77,1556723648000,10.74,138.65,10.66538,13
15,6602,2019-05-01 14:45:00,2019-05,10.74,1556722726000,12.7,135.73998999999998,11.31167,12
15,6602,2019-05-01 14:30:00,2019-05,11.72,1556721884000,12.7,151.38,11.64462,13
15,6602,2019-05-01 14:15:00,2019-05,11.72,1556720963000,12.7,146.48,11.26769,13
15,6602,2019-05-01 14:00:00,2019-05,11.72,1556720052000,13.67,156.26001000000002,12.02,13
15,6602,2019-05-01 13:45:00,2019-05,11.72,1556719132000,11.72,140.64,11.72,12
15,6602,2019-05-01 13:30:00,2019-05,11.72,1556718287000,12.7,153.34,11.79538,13
15,6602,2019-05-01 13:15:00,2019-05,11.72,1556717347000,13.67,149.45,12.45417,12
15,6602,2019-05-01 13:00:00,2019-05,12.7,1556716492000,13.67,165.08998,12.69923,13
15,6602,2019-05-01 12:45:00,2019-05,12.7,1556715559000,14.65,166.06998000000002,12.774610000000001,13
15,6602,2019-05-01 12:30:00,2019-05,12.7,1556714637000,13.67,153.36998,12.78083,12
15,6602,2019-05-01 12:15:00,2019-05,12.7,1556713795000,13.67,167.03998,12.84923,13
15,6602,2019-05-01 12:00:00,2019-05,12.7,1556712874000,13.67,167.03998,12.84923,13
15,6602,2019-05-01 11:45:00,2019-05,12.7,1556711964000,13.67,166.06998000000002,12.774610000000001,13
15,6602,2019-05-01 11:30:00,2019-05,12.7,1556711040000,12.7,149.45999,12.455,12
15,6602,2019-05-01 11:15:00,2019-05,11.72,1556710197000,12.7,160.19998,12.323080000000001,13
15,6602,2019-05-01 11:00:00,2019-05,12.7,1556709276000,15.63,171.88998,13.22231,13
15,6602,2019-05-01 10:45:00,2019-05,11.72,1556708355000,13.67,158.23,12.17154,13
15,6602,2019-05-01 10:30:00,2019-05,11.72,1556707443000,12.7,142.6,11.88333,12
15,6602,2019-05-01 10:15:00,2019-05,11.72,1556706590000,12.7,153.34,11.79538,13
15,6602,2019-05-01 10:00:00,2019-05,12.7,1556705679000,12.7,153.34,11.79538,13
15,6602,2019-05-01 09:45:00,2019-05,11.72,1556704760000,13.67,164.09999,12.62308,13
15,6602,2019-05-01 09:30:00,2019-05,12.7,1556703847000,13.67,135.72998,11.310830000000001,12
15,6602,2019-05-01 09:15:00,2019-05,10.74,1556702994000,12.7,141.59,10.891539999999999,13
15,6602,2019-05-01 09:00:00,2019-05,11.72,1556702087000,11.72,137.73,10.594610000000001,13
60,6602,2019-05-01 20:00:00,2019-05,0.0,1556744391000,2.93,32.23,0.6319600000000001,51
60,6602,2019-05-01 19:00:00,2019-05,2.93,1556740794000,4.88,153.33995,3.00667,51
60,6602,2019-05-01 18:00:00,2019-05,2.93,1556737188000,4.88,170.97992,3.35255,51
60,6602,2019-05-01 17:00:00,2019-05,3.91,1556733593000,6.84,237.4001,4.6549,51
60,6602,2019-05-01 16:00:00,2019-05,6.84,1556729995000,10.74,433.63992,8.33923,52
60,6602,2019-05-01 15:00:00,2019-05,8.79,1556726333000,11.72,491.25012000000004,9.63236,51
60,6602,2019-05-01 14:00:00,2019-05,10.74,1556722726000,13.67,589.8599,11.56588,51
60,6602,2019-05-01 13:00:00,2019-05,11.72,1556719132000,13.67,608.5198,12.1704,50
60,6602,2019-05-01 12:00:00,2019-05,12.7,1556715559000,14.65,653.52026,12.814119999999999,51
60,6602,2019-05-01 11:00:00,2019-05,12.7,1556711964000,15.63,647.6202400000001,12.69844,51
60,6602,2019-05-01 10:00:00,2019-05,11.72,1556708355000,13.67,607.50995,11.91196,51
60,6602,2019-05-01 09:00:00,2019-05,11.72,1556704760000,13.67,579.14996,11.35588,51
60,6602,2019-06-01 20:00:00,2019-06,1.95,1559422773000,1.95,4.8900003,0.09587999999999999,51
60,6602,2019-06-01 19:00:00,2019-06,0.0,1559419164000,1.95,2.93,0.05745,51
60,6602,2019-06-01 18:00:00,2019-06,0.0,1559415570000,2.93,45.929996,0.90059,51
60,6602,2019-06-01 17:00:00,2019-06,2.93,1559411975000,5.86,185.5899,3.63902,51
60,6602,2019-06-01 16:00:00,2019-06,5.86,1559408379000,11.72,406.25982999999997,7.96588,51
60,6602,2019-06-01 15:00:00,2019-06,9.77,1559404784000,12.7,542.9599599999999,10.64627,51
60,6602,2019-06-01 14:00:00,2019-06,11.72,1559401178000,12.7,613.3998,12.02745,51
60,6602,2019-06-01 13:00:00,2019-06,11.72,1559397583000,13.67,647.6602,12.69922,51
60,6602,2019-06-01 12:00:00,2019-06,12.7,1559393988000,13.67,641.80035,12.58432,51
60,6602,2019-06-01 11:00:00,2019-06,11.72,1559390395000,13.67,595.74994,11.68137,51
60,6602,2019-06-01 10:00:00,2019-06,11.72,1559386799000,13.67,559.4898,10.97039,51
60,6602,2019-06-01 09:00:00,2019-06,10.74,1559383195000,12.7,575.18,11.278039999999999,51
60,6602,2019-07-01 20:00:00,2019-07,0.0,1562014775000,1.95,6.84,0.13412000000000002,51
60,6602,2019-07-01 19:00:00,2019-07,0.0,1562011178000,1.95,3.91,0.07667,51
60,6602,2019-07-01 18:00:00,2019-07,0.98,1562007583000,1.95,16.639997,0.32627,51
60,6602,2019-07-01 17:00:00,2019-07,0.98,1562003987000,5.86,125.05006000000002,2.4519599999999997,51
60,6602,2019-07-01 16:00:00,2019-07,5.86,1562000382000,9.77,393.57977,7.71725,51
60,6602,2019-07-01 15:00:00,2019-07,9.77,1561996788000,12.7,564.53,11.06922,51
60,6602,2019-07-01 14:00:00,2019-07,3.91,1561993191000,15.63,552.76984,10.83862,51
60,6602,2019-07-01 13:00:00,2019-07,5.86,1561989596000,15.63,620.13983,11.92577,52
60,6602,2019-07-01 12:00:00,2019-07,13.67,1561985923000,14.65,644.6901,12.8938,50
60,6602,2019-07-01 11:00:00,2019-07,12.7,1561982395000,15.63,667.1301,12.82943,52
60,6602,2019-07-01 10:00:00,2019-07,11.72,1561978729000,14.65,664.10004,13.02157,51
60,6602,2019-07-01 09:00:00,2019-07,13.67,1561975135000,13.67,596.71985,11.700389999999999,51
60,6602,2019-08-01 20:00:00,2019-08,0.0,1564693147000,1.95,4.8900003,0.09587999999999999,51
60,6602,2019-08-01 19:00:00,2019-08,0.0,1564689548000,1.95,5.8700004,0.1151,51
60,6602,2019-08-01 18:00:00,2019-08,0.0,1564685952000,1.95,13.68,0.26824000000000003,51
60,6602,2019-08-01 17:00:00,2019-08,0.0,1564682356000,3.91,80.07005,1.57,51
60,6602,2019-08-01 16:00:00,2019-08,1.95,1564678750000,16.6,356.43,6.98882,51
60,6602,2019-08-01 15:00:00,2019-08,16.6,1564675154000,16.6,477.55,9.36373,51
60,6602,2019-08-01 14:00:00,2019-08,7.81,1564671559000,14.65,568.36993,11.14451,51
60,6602,2019-08-01 13:00:00,2019-08,11.72,1564667964000,15.63,647.5,12.69608,51
60,6602,2019-08-01 12:00:00,2019-08,11.72,1564664368000,14.65,634.86993,12.44843,51
60,6602,2019-08-01 11:00:00,2019-08,12.7,1564660764000,13.67,613.37,12.026860000000001,51
60,6602,2019-08-01 10:00:00,2019-08,11.72,1564657169000,12.7,598.6999,11.73921,51
60,6602,2019-08-01 09:00:00,2019-08,10.74,1564653573000,12.7,551.6998,10.817639999999999,51
60,6602,2019-09-01 20:00:00,2019-09,0.0,1567371554000,0.98,1.96,0.0392,50
60,6602,2019-09-01 19:00:00,2019-09,0.98,1567367984000,1.95,5.86,0.12468,47
60,6602,2019-09-01 18:00:00,2019-09,0.0,1567364332000,1.95,6.84,0.1487,46
60,6602,2019-09-01 17:00:00,2019-09,0.98,1567360758000,1.95,6.84,0.1487,46
60,6602,2019-09-01 16:00:00,2019-09,0.0,1567357161000,4.88,79.12001,1.72,46
60,6602,2019-09-01 15:00:00,2019-09,0.98,1567353531000,2.93,75.18004,1.59958,47
60,6602,2019-09-01 14:00:00,2019-09,2.93,1567349925000,3.91,111.29997,2.226,50
60,6602,2019-09-01 13:00:00,2019-09,3.91,1567346398000,6.84,257.80005,4.95769,52
60,6602,2019-09-01 12:00:00,2019-09,7.81,1567342734000,13.67,485.3501,9.51667,51
60,6602,2019-09-01 11:00:00,2019-09,8.79,1567339128000,11.72,449.23992999999996,8.80863,51
60,6602,2019-09-01 10:00:00,2019-09,6.84,1567335532000,12.7,427.77997,8.387839999999999,51
60,6602,2019-09-01 09:00:00,2019-09,11.72,1567331937000,12.7,295.96,5.80314,51
60,6602,2019-10-01 20:00:00,2019-10,0.0,1569963585000,1.95,3.91,0.07667,51
60,6602,2019-10-01 19:00:00,2019-10,0.0,1569959987000,1.95,4.8900003,0.09587999999999999,51
60,6602,2019-10-01 18:00:00,2019-10,0.0,1569956392000,0.98,3.92,0.07686,51
60,6602,2019-10-01 17:00:00,2019-10,0.0,1569952786000,1.95,5.8700004,0.1151,51
60,6602,2019-10-01 16:00:00,2019-10,0.0,1569949190000,9.77,73.28001,1.43686,51
60,6602,2019-10-01 15:00:00,2019-10,9.77,1569945595000,12.7,524.44995,10.28333,51
60,6602,2019-10-01 14:00:00,2019-10,10.74,1569941999000,14.65,400.46,7.70115,52
60,6602,2019-10-01 13:00:00,2019-10,8.79,1569938324000,11.72,415.06985,8.3014,50
60,6602,2019-10-01 12:00:00,2019-10,8.79,1569934797000,11.72,418.99008,8.0575,52
60,6602,2019-10-01 11:00:00,2019-10,8.79,1569931136000,14.65,487.34018,9.55569,51
60,6602,2019-10-01 10:00:00,2019-10,9.77,1569927540000,14.65,438.6099,8.60019,51
60,6602,2019-10-01 09:00:00,2019-10,12.7,1569923946000,14.65,691.41003,13.55706,51
